<?xml version='1.0' encoding='UTF-8'?><complete><option value='SUP 2 SW OPT'><![CDATA[SUP 2 SW OPT<->SUP 2 Software<->Part Number]]></option><option value='SUP 2 SW OPTION'><![CDATA[SUP 2 SW OPTION<->Supervisor 2 Software<->Part Number]]></option><option value='SUP 720 CATOS'><![CDATA[SUP 720 CATOS<->Catalyst Operating System Software<->Part Number]]></option><option value='SUP 720 SW OPT'><![CDATA[SUP 720 SW OPT<->Supervisor 720 Software<->Part Number]]></option><option value='SUP APPS'><![CDATA[SUP APPS<->SUPPLEMENTAL APPLICATIONS<->Part Number]]></option><option value='SUP BUNDLE OC'><![CDATA[SUP BUNDLE OC<->Sup Bundle Opts<->Part Number]]></option><option value='SUP 2T NATIVE'><![CDATA[SUP 2T NATIVE<->Native IOS<->Part Number]]></option><option value='SUP 2T SW'><![CDATA[SUP 2T SW<->Supervisor 2T Software<->Part Number]]></option><option value='SUP 32 SW OPT'><![CDATA[SUP 32 SW OPT<->SUP 32 Software<->Part Number]]></option><option value='SUP 32 SW OPTION'><![CDATA[SUP 32 SW OPTION<->Supervisor 32 Software<->Part Number]]></option><option value='SUP 720 SW OPTION'><![CDATA[SUP 720 SW OPTION<->Supervisor 720 Software<->Part Number]]></option><option value='SUP IOS OPT'><![CDATA[SUP IOS OPT<->Native IOS Options<->Part Number]]></option><option value='SUP OPTION'><![CDATA[SUP OPTION<->Supplementary option<->Part Number]]></option><option value='SUP SW'><![CDATA[SUP SW<->Software Options<->Part Number]]></option><option value='SUP1 IOS OPT'><![CDATA[SUP1 IOS OPT<->IOS Options for SUP1s<->Part Number]]></option><option value='SUP1 SPARE IOS'><![CDATA[SUP1 SPARE IOS<->SW Options for SUP1 Spares<->Part Number]]></option><option value='SUP1A-2GE-U-LIC='><![CDATA[SUP1A-2GE-U-LIC=<->Sup1A-2GE Redundant to Primary Sup Upgrade License<->Part Number]]></option><option value='SUP2 12.1 IOS'><![CDATA[SUP2 12.1 IOS<->SUP2 12.1 Native IOS Options<->Part Number]]></option><option value='SUP2 12.2 IOS'><![CDATA[SUP2 12.2 IOS<->SUP2 12.2 Native IOS Options<->Part Number]]></option><option value='SUP2 BUNDLE SW'><![CDATA[SUP2 BUNDLE SW<->Software Options<->Part Number]]></option><option value='SUP EXPANSIONS'><![CDATA[SUP EXPANSIONS<->Supervisor Expansions<->Part Number]]></option><option value='SUP MEM OPT'><![CDATA[SUP MEM OPT<->Module Option 5 (supervisor included)<->Part Number]]></option><option value='SUP MEM OPT 6'><![CDATA[SUP MEM OPT 6<->Module Option 6 (supervisor included)<->Part Number]]></option><option value='SUP SW OPT'><![CDATA[SUP SW OPT<->IOS OPTIONS<->Part Number]]></option><option value='SUP UPG SOFTWARE'><![CDATA[SUP UPG SOFTWARE<->Supervisor Upgrade Software<->Part Number]]></option><option value='SUP2 CATOS'><![CDATA[SUP2 CATOS<->CatOS<->Part Number]]></option><option value='SUP2 CATOS SW'><![CDATA[SUP2 CATOS SW<->CatOS<->Part Number]]></option><option value='SUP2 HYB'><![CDATA[SUP2 HYB<->Hybrid IOS<->Part Number]]></option><option value='SUP2 HYB SW OPT'><![CDATA[SUP2 HYB SW OPT<->Hybrid IOS<->Part Number]]></option><option value='SUP2 IOS'><![CDATA[SUP2 IOS<->SUP2 Native IOS Options<->Part Number]]></option><option value='SUP2 NATIVE'><![CDATA[SUP2 NATIVE<->Native IOS<->Part Number]]></option><option value='SUP2 SOFTWARE'><![CDATA[SUP2 SOFTWARE<->Supervisor 2 Software<->Part Number]]></option><option value='SUP2 SPARE IOS'><![CDATA[SUP2 SPARE IOS<->IOS Software Options<->Part Number]]></option><option value='SUP2 SW'><![CDATA[SUP2 SW<->SUP2 System Software<->Part Number]]></option><option value='SUP2 SW OPT'><![CDATA[SUP2 SW OPT<->Supervisor 2 Software<->Part Number]]></option><option value='SUP2T BNDL EXP'><![CDATA[SUP2T BNDL EXP<->Sup 2T Bundle Expansions<->Part Number]]></option><option value='SUP2 MEM OPT 5'><![CDATA[SUP2 MEM OPT 5<->Module Option 5 (Supervisor included)<->Part Number]]></option><option value='SUP2 MEM OPT 6'><![CDATA[SUP2 MEM OPT 6<->Module Option 6 (Supervisor included)<->Part Number]]></option><option value='SUP2 SPARE SW'><![CDATA[SUP2 SPARE SW<->Catalyst 6500 Software<->Part Number]]></option><option value='SUP2T 10G NATIVE'><![CDATA[SUP2T 10G NATIVE<->Native IOS<->Part Number]]></option><option value='SUP2T DRAM OPT'><![CDATA[SUP2T DRAM OPT<->DRAM Options<->Part Number]]></option><option value='SUP2T FLASH OPT'><![CDATA[SUP2T FLASH OPT<->Compact Flash Options<->Part Number]]></option><option value='SUP2T PRI OPT'><![CDATA[SUP2T PRI OPT<->SUP2T Primary Options<->Part Number]]></option><option value='SUP2T BUN SW OPT'><![CDATA[SUP2T BUN SW OPT<->Software Options<->Part Number]]></option><option value='SUP2T CARD1 OPT'><![CDATA[SUP2T CARD1 OPT<->Card 1 Options<->Part Number]]></option><option value='SUP2T CARD2 OPT'><![CDATA[SUP2T CARD2 OPT<->Card 2 Options<->Part Number]]></option><option value='SUP2T DEMO SW OPT'><![CDATA[SUP2T DEMO SW OPT<->Software Options<->Part Number]]></option><option value='SUP2T EXP OC'><![CDATA[SUP2T EXP OC<->Sup2T Expand Options<->Part Number]]></option><option value='SUP2T EXPAND CLASS'><![CDATA[SUP2T EXPAND CLASS<->SUP2T Expansions<->Part Number]]></option><option value='SUP2T INT FLSH OPT'><![CDATA[SUP2T INT FLSH OPT<->Internal Compact Flash<->Part Number]]></option><option value='SUP2T RED OPT'><![CDATA[SUP2T RED OPT<->SUP2T Redundant Options<->Part Number]]></option><option value='SUP2T SLOT 1 OPT'><![CDATA[SUP2T SLOT 1 OPT<->Module Option 1 (included Supervisor)<->Part Number]]></option><option value='SUP2T UPG SW'><![CDATA[SUP2T UPG SW<->SUP2T Upgrade IOS<->Part Number]]></option><option value='SUP2TXL PRI OPT'><![CDATA[SUP2TXL PRI OPT<->SUP2TXL Primary Options<->Part Number]]></option><option value='SUP2TXL RED OPT'><![CDATA[SUP2TXL RED OPT<->SUP2TXL Redundant Options<->Part Number]]></option><option value='SUP3 FLASH OPT'><![CDATA[SUP3 FLASH OPT<->Flash Memory Options for SupIII Engines<->Part Number]]></option><option value='SUP3 FLASH-BUND OPT'><![CDATA[SUP3 FLASH-BUND OPT<->PCMCIA Flash Memory Options For Included Sup 3<->Part Number]]></option><option value='SUP32 10GE OPT'><![CDATA[SUP32 10GE OPT<->Supervisor Options<->Part Number]]></option><option value='SUP32 10GE OPT2'><![CDATA[SUP32 10GE OPT2<->Secondary Supervisor Options<->Part Number]]></option><option value='SUP32 12.1 IOS'><![CDATA[SUP32 12.1 IOS<->SUP32 12.1 Native IOS Options<->Part Number]]></option><option value='SUP32 12.2 IOS'><![CDATA[SUP32 12.2 IOS<->SUP32 12.2 Native IOS Options<->Part Number]]></option><option value='SUP32 7600 IOS'><![CDATA[SUP32 7600 IOS<->IOS for SUP32 in 7600<->Part Number]]></option><option value='SUP32 BUN CATOS'><![CDATA[SUP32 BUN CATOS<->Catalyst Operating System Software<->Part Number]]></option><option value='SUP32 BUN EXP'><![CDATA[SUP32 BUN EXP<->Expansion Class for SUP32<->Part Number]]></option><option value='SUP32 BUN IOS'><![CDATA[SUP32 BUN IOS<->12.2 Native IOS Options<->Part Number]]></option><option value='SUP32 BUN PWR'><![CDATA[SUP32 BUN PWR<->Power Supply Options<->Part Number]]></option><option value='SUP32 BUN SW'><![CDATA[SUP32 BUN SW<->Software Options<->Part Number]]></option><option value='SUP32 CATOS'><![CDATA[SUP32 CATOS<->CatOS<->Part Number]]></option><option value='SUP32 CATOS SW'><![CDATA[SUP32 CATOS SW<->CatOS<->Part Number]]></option><option value='SUP32 EXPAND'><![CDATA[SUP32 EXPAND<->Supervisor 32 Expansion<->Part Number]]></option><option value='SUP2T SOFTWARE'><![CDATA[SUP2T SOFTWARE<->Supervisor 2T 10G Software<->Part Number]]></option><option value='SUP32 BUNDLE SW'><![CDATA[SUP32 BUNDLE SW<->Software Options<->Part Number]]></option><option value='SUP32 GE OPT'><![CDATA[SUP32 GE OPT<->Supervisor Options<->Part Number]]></option><option value='SUP32 GE OPT2'><![CDATA[SUP32 GE OPT2<->Secondary Supervisor Options<->Part Number]]></option><option value='SUP32 HYB'><![CDATA[SUP32 HYB<->Hybrid IOS<->Part Number]]></option><option value='SUP32 HYB SW'><![CDATA[SUP32 HYB SW<->Hybrid IOS<->Part Number]]></option><option value='SUP32 IOS'><![CDATA[SUP32 IOS<->SUP32 Native IOS Options<->Part Number]]></option><option value='SUP32 IOS OPT'><![CDATA[SUP32 IOS OPT<->SUP32 Hybrid Software Options<->Part Number]]></option><option value='SUP32 NATIVE'><![CDATA[SUP32 NATIVE<->Native IOS<->Part Number]]></option><option value='SUP32 PISA DRAM'><![CDATA[SUP32 PISA DRAM<->Supervisor DRAM Options<->Part Number]]></option><option value='SUP32 FWM SLOT 1'><![CDATA[SUP32 FWM SLOT 1<->Module Option 1 (Included Supervisor)<->Part Number]]></option><option value='SUP32 IOS OPS'><![CDATA[SUP32 IOS OPS<->Catalyst Operating System Software<->Part Number]]></option><option value='SUP32 SLOT 1'><![CDATA[SUP32 SLOT 1<->Module Option 1(included Supervisor)<->Part Number]]></option><option value='SUP32 SOFTWARE'><![CDATA[SUP32 SOFTWARE<->Supervisor 32 Software<->Part Number]]></option><option value='SUP32 SW'><![CDATA[SUP32 SW<->SUP32 System Software<->Part Number]]></option><option value='SUP32 SW OPT'><![CDATA[SUP32 SW OPT<->Supervisor 32 Software<->Part Number]]></option><option value='SUP32-10G EXP'><![CDATA[SUP32-10G EXP<->Supervisors Option<->Part Number]]></option><option value='SUP32 PISA EXPAND'><![CDATA[SUP32 PISA EXPAND<->SUP32 PISA Expansion<->Part Number]]></option><option value='SUP32 PISA SW'><![CDATA[SUP32 PISA SW<->Supervisor 32 PISA Software<->Part Number]]></option><option value='SUP32 SPARE SW'><![CDATA[SUP32 SPARE SW<->Catalyst 6500 Software<->Part Number]]></option><option value='SUP32-10GE-3B'><![CDATA[SUP32-10GE-3B<->^SUP32 2x10GE 3B<->Part Number]]></option><option value='SUP32-GE-3B'><![CDATA[SUP32-GE-3B<->^SUP32 8GE 3B<->Part Number]]></option><option value='SUP32P SOFTWARE'><![CDATA[SUP32P SOFTWARE<->Supervisor 32 PISA Software<->Part Number]]></option><option value='SUP32-10G OPT'><![CDATA[SUP32-10G OPT<->SUP32-10G Primary Sup Options<->Part Number]]></option><option value='SUP32-10G RED OPT'><![CDATA[SUP32-10G RED OPT<->SUP32-10G Redundant Sup Options<->Part Number]]></option><option value='SUP32-8G EXP OPT'><![CDATA[SUP32-8G EXP OPT<->Supervisors Option<->Part Number]]></option><option value='SUP32-8G OPT'><![CDATA[SUP32-8G OPT<->SUP32-8G Primary Sup Options<->Part Number]]></option><option value='SUP32-8G RED OPT'><![CDATA[SUP32-8G RED OPT<->SUP32-8G Redundant Sup Options<->Part Number]]></option><option value='SUP32P BUNDLE SW'><![CDATA[SUP32P BUNDLE SW<->Software Options<->Part Number]]></option><option value='SUP32P NATIVE'><![CDATA[SUP32P NATIVE<->Native IOS<->Part Number]]></option></complete>
