<?xml version="1.0" encoding="UTF-8"?>
<rows total_count="19" pos="0">
			<row id="138011">
				<cell>PP-Test-180430-04583</cell>
				<cell>PROMOTION</cell>
				<cell>SUBMITTED</cell>
				<cell>AMERICAS</cell>
				<cell><![CDATA[27-Apr-2018]]></cell>
				<cell><![CDATA[30-Apr-2018]]></cell>
			</row>
			<row id="139487">
				<cell><![CDATA[<a kdfid="lnk_2_2" kdfapp="pricing" kdfpage="myIncentivesXml" href="../es/loadObjectives.do?promotionId=139487&readOnly=Y&source=HOME">TEST0098</a>]]></cell>
				<cell>BR-TEST-201231-04579</cell>
				<cell>REWARD</cell>
				<cell>ACTIVE</cell>
				<cell>AMERICAS</cell>
				<cell><![CDATA[27-Apr-2018]]></cell>
				<cell><![CDATA[31-Dec-2020]]></cell>
			</row>
			<row id="139485">
				<cell><![CDATA[<a kdfid="lnk_2_3" kdfapp="pricing" kdfpage="myIncentivesXml" href="../es/loadObjectives.do?promotionId=139485&readOnly=Y&source=HOME">Copy of Copy of rerereadfa</a>]]></cell>
				<cell>BR-Copy-201231-04578</cell>
				<cell>REWARD</cell>
				<cell>INPROGRESS</cell>
				<cell>AMERICAS</cell>
				<cell><![CDATA[27-Apr-2018]]></cell>
				<cell><![CDATA[31-Dec-2020]]></cell>
			</row>
			<row id="139292">
				<cell><![CDATA[<a kdfid="lnk_2_4" kdfapp="pricing" kdfpage="myIncentivesXml" href="../es/loadObjectives.do?promotionId=139292&readOnly=Y&source=HOME">Copy of rerereadfa</a>]]></cell>
				<cell>BR-Copy-201231-04548</cell>
				<cell>REWARD</cell>
				<cell>ACTIVE</cell>
				<cell>AMERICAS</cell>
				<cell><![CDATA[26-Apr-2018]]></cell>
				<cell><![CDATA[31-Dec-2020]]></cell>
			</row>
			<row id="136980">
				<cell><![CDATA[<a kdfid="lnk_2_5" kdfapp="pricing" kdfpage="myIncentivesXml" href="../es/loadObjectives.do?promotionId=136980&readOnly=Y&source=HOME">COPY WebEx Higher Gear - Canada</a>]]></cell>
				<cell>BR-COPY-190418-04232</cell>
				<cell>REWARD</cell>
				<cell>REVIEW INPROGRESS</cell>
				<cell>AMERICAS</cell>
				<cell><![CDATA[02-Apr-2018]]></cell>
				<cell><![CDATA[18-Apr-2019]]></cell>
			</row>
			<row id="139120">
				<cell><![CDATA[<a kdfid="lnk_2_6" kdfapp="pricing" kdfpage="myIncentivesXml" href="../es/loadObjectives.do?promotionId=139120&readOnly=Y&source=HOME">rerereadfa</a>]]></cell>
				<cell>BR-rere-201231-04521</cell>
				<cell>REWARD</cell>
				<cell>PENDING LOCALIZATION</cell>
				<cell>AMERICAS</cell>
				<cell><![CDATA[25-Apr-2018]]></cell>
				<cell><![CDATA[31-Dec-2020]]></cell>
			</row>
			<row id="139109">
				<cell><![CDATA[<a kdfid="lnk_2_7" kdfapp="pricing" kdfpage="myIncentivesXml" href="../es/loadObjectives.do?promotionId=139109&readOnly=Y&source=HOME">Newly Created Reward Returns</a>]]></cell>
				<cell>BR-Newl-201231-04520</cell>
				<cell>REWARD</cell>
				<cell>PENDING APPROVAL ROUTING</cell>
				<cell>AMERICAS</cell>
				<cell><![CDATA[25-Apr-2018]]></cell>
				<cell><![CDATA[31-Dec-2020]]></cell>
			</row>
			<row id="139101">
				<cell><![CDATA[<a kdfid="lnk_2_8" kdfapp="pricing" kdfpage="myIncentivesXml" href="../es/loadObjectives.do?promotionId=139101&readOnly=Y&source=HOME">Newly Created Reward</a>]]></cell>
				<cell>BR-Newl-201231-04519</cell>
				<cell>REWARD</cell>
				<cell>INPROGRESS</cell>
				<cell>AMERICAS</cell>
				<cell><![CDATA[25-Apr-2018]]></cell>
				<cell><![CDATA[31-Dec-2020]]></cell>
			</row>
			<row id="139100">
				<cell><![CDATA[<a kdfid="lnk_2_9" kdfapp="pricing" kdfpage="myIncentivesXml" href="../es/loadObjectives.do?promotionId=139100&readOnly=Y&source=HOME">Copy of COPY WebEx Higher Gear - Canada</a>]]></cell>
				<cell>BR-Copy-190418-04518</cell>
				<cell>REWARD</cell>
				<cell>INPROGRESS</cell>
				<cell>AMERICAS</cell>
				<cell><![CDATA[25-Apr-2018]]></cell>
				<cell><![CDATA[18-Apr-2019]]></cell>
			</row>
			<row id="139097">
				<cell><![CDATA[<a kdfid="lnk_2_10" kdfapp="pricing" kdfpage="myIncentivesXml" href="../es/loadObjectives.do?promotionId=139097&readOnly=Y&source=HOME">Copy of COPY WebEx Higher Gear - Canada</a>]]></cell>
				<cell>BR-Copy-190418-04517</cell>
				<cell>REWARD</cell>
				<cell>INPROGRESS</cell>
				<cell>AMERICAS</cell>
				<cell><![CDATA[25-Apr-2018]]></cell>
				<cell><![CDATA[18-Apr-2019]]></cell>
			</row>
			<row id="139093">
				<cell><![CDATA[<a kdfid="lnk_2_11" kdfapp="pricing" kdfpage="myIncentivesXml" href="../es/loadObjectives.do?promotionId=139093&readOnly=Y&source=HOME">AAC001</a>]]></cell>
				<cell>BR-AAC0-180428-04516</cell>
				<cell>REWARD</cell>
				<cell>INPROGRESS</cell>
				<cell>APJ</cell>
				<cell><![CDATA[25-Apr-2018]]></cell>
				<cell><![CDATA[28-Apr-2018]]></cell>
			</row>
			<row id="138882">
				<cell><![CDATA[<a kdfid="lnk_2_12" kdfapp="pricing" kdfpage="myIncentivesXml" href="../es/loadObjectives.do?promotionId=138882&readOnly=Y&source=HOME">Catalyst 9K Partner Seeding - ASEAN</a>]]></cell>
				<cell>BR-Cata-180127-02222</cell>
				<cell>REWARD</cell>
				<cell>APPROVAL INPROGRESS</cell>
				<cell>APJ</cell>
				<cell><![CDATA[24-Apr-2018]]></cell>
				<cell><![CDATA[28-Apr-2018]]></cell>
			</row>
			<row id="138712">
				<cell><![CDATA[<a kdfid="lnk_2_13" kdfapp="pricing" kdfpage="myIncentivesXml" href="../es/loadVAFObjectives.do?promotionId=138712&readOnly=Y&entityType=VAF&source=HOME">Copy of testssdsdsdsdsd</a>]]></cell>
				<cell></cell>
				<cell>VAF</cell>
				<cell>INPROGRESS</cell>
				<cell>AMERICAS</cell>
				<cell><![CDATA[23-Apr-2018]]></cell>
				<cell><![CDATA[24-Apr-2018]]></cell>
			</row>
			<row id="138711">
				<cell><![CDATA[<a kdfid="lnk_2_14" kdfapp="pricing" kdfpage="myIncentivesXml" href="../es/loadVAFObjectives.do?promotionId=138711&readOnly=Y&entityType=VAF&source=HOME">testssdsdsdsdsd</a>]]></cell>
				<cell>VF-test-180424-04455</cell>
				<cell>VAF</cell>
				<cell>REJECTED</cell>
				<cell>AMERICAS</cell>
				<cell><![CDATA[23-Apr-2018]]></cell>
				<cell><![CDATA[24-Apr-2018]]></cell>
			</row>
			<row id="138012">
				<cell><![CDATA[<a kdfid="lnk_2_15" kdfapp="pricing" kdfpage="myIncentivesXml" href="../es/loadPromoObjectives.do?promotionId=138012&readOnly=Y&entityType=AUTOAPPLY&source=HOME">Testabc</a>]]></cell>
				<cell></cell>
				<cell>PROMOTION</cell>
				<cell>INPROGRESS</cell>
				<cell>AMERICAS</cell>
				<cell><![CDATA[18-Apr-2018]]></cell>
				<cell><![CDATA[30-Apr-2018]]></cell>
			</row>
			<row id="136991">
				<cell><![CDATA[<a kdfid="lnk_2_16" kdfapp="pricing" kdfpage="myIncentivesXml" href="../es/loadObjectives.do?promotionId=136991&readOnly=Y&source=HOME">Copy of COPY WebEx Higher Gear - Canada</a>]]></cell>
				<cell>BR-Copy-190418-04260</cell>
				<cell>REWARD</cell>
				<cell>INPROGRESS</cell>
				<cell>AMERICAS</cell>
				<cell><![CDATA[05-Apr-2018]]></cell>
				<cell><![CDATA[18-Apr-2019]]></cell>
			</row>
  		<row id="136930">
				<cell><![CDATA[<a kdfid="lnk_2_17" kdfapp="pricing" kdfpage="myIncentivesXml" href="../es/loadVAFObjectives.do?promotionId=136930&readOnly=Y&entityType=VAF&source=HOME">BT ENCS - UK</a>]]></cell>
				<cell>VF-BTEN-190331-04107</cell>
				<cell>VAF</cell>
				<cell>INPROGRESS</cell>
				<cell>EMEAR</cell>
				<cell><![CDATA[08-Feb-2018]]></cell>
				<cell><![CDATA[31-Mar-2019]]></cell>
			</row>
			<row id="136926">
				<cell><![CDATA[<a kdfid="lnk_2_18" kdfapp="pricing" kdfpage="myIncentivesXml" href="../es/loadVAFObjectives.do?promotionId=136926&readOnly=Y&entityType=VAF&source=HOME">PF2-FR-001</a>]]></cell>
				<cell>VF-9006-150801-25722</cell>
				<cell>VAF</cell>
				<cell>REJECTED</cell>
				<cell>EMEAR</cell>
				<cell><![CDATA[08-Feb-2018]]></cell>
				<cell><![CDATA[31-Jul-2018]]></cell>
			</row>
			<row id="136928">
				<cell><![CDATA[<a kdfid="lnk_2_19" kdfapp="pricing" kdfpage="myIncentivesXml" href="../es/loadVAFObjectives.do?promotionId=136928&readOnly=Y&entityType=VAF&source=HOME">VV0009</a>]]></cell>
				<cell>VF-VV00-180228-04214</cell>
				<cell>VAF</cell>
				<cell>EXPIRED</cell>
				<cell>AMERICAS</cell>
				<cell><![CDATA[08-Feb-2018]]></cell>
				<cell><![CDATA[28-Feb-2018]]></cell>
			</row>
</rows>
